{
  "search_interrupted": true,
  "candidates_tested": 3925,
  "last_exponent_tested": 82597783,
  "search_time": 0.0012515366739696927,
  "timestamp": "2025-09-01T22:31:18.268682"
}