{"weights": [0.13633721491479459, -0.3732804024954728, -0.40048724534966795, -0.06475479750650802, 0.09410810792965908, 1.5272950249842239], "fitness": 0.9025925925925926}